INSERT INTO ug19s2_team123_prod.peer_reviews (id, date_start, date_end, date_reminder, title, unit_id) VALUES (1, '2019-07-08 02:30:14', '2019-07-14 02:30:14', '2018-07-12 02:30:14', 'Industry Experience Iteration 1 Peer Review', 1);
INSERT INTO ug19s2_team123_prod.peer_reviews (id, date_start, date_end, date_reminder, title, unit_id) VALUES (2, '2019-09-08 02:30:14', '2019-09-14 02:30:14', '2018-09-12 02:30:14', 'Industry Experience Iteration 2 Peer Review', 1);
INSERT INTO ug19s2_team123_prod.peer_reviews (id, date_start, date_end, date_reminder, title, unit_id) VALUES (3, '2019-10-08 02:30:14', '2019-10-14 02:30:14', '2018-10-12 02:30:14', 'Industry Experience Iteration 3 Peer Review', 2);
INSERT INTO ug19s2_team123_prod.peer_reviews (id, date_start, date_end, date_reminder, title, unit_id) VALUES (4, '2020-08-08 00:00:59', '2020-09-09 00:00:00', '2020-09-08 00:00:00', 'Maker Lab', 5);
INSERT INTO ug19s2_team123_prod.peer_reviews_teams (peer_review_id, team_id, status) VALUES (1, 1, 0);
INSERT INTO ug19s2_team123_prod.peer_reviews_teams (peer_review_id, team_id, status) VALUES (1, 2, 0);
INSERT INTO ug19s2_team123_prod.peer_reviews_teams (peer_review_id, team_id, status) VALUES (2, 3, 0);
INSERT INTO ug19s2_team123_prod.peer_reviews_teams (peer_review_id, team_id, status) VALUES (3, 4, 0);
INSERT INTO ug19s2_team123_prod.peer_reviews_teams (peer_review_id, team_id, status) VALUES (4, 6, 1);
INSERT INTO ug19s2_team123_prod.peer_reviews_users (peer_review_id, user_id, status) VALUES (1, 13, 0);
INSERT INTO ug19s2_team123_prod.peer_reviews_users (peer_review_id, user_id, status) VALUES (2, 13, 0);
INSERT INTO ug19s2_team123_prod.peer_reviews_users (peer_review_id, user_id, status) VALUES (3, 13, 0);
INSERT INTO ug19s2_team123_prod.peer_reviews_users (peer_review_id, user_id, status) VALUES (2, 15, 1);
INSERT INTO ug19s2_team123_prod.peer_reviews_users (peer_review_id, user_id, status) VALUES (3, 15, 0);
INSERT INTO ug19s2_team123_prod.peer_reviews_users (peer_review_id, user_id, status) VALUES (4, 15, 1);
INSERT INTO ug19s2_team123_prod.questions (id, description) VALUES (1, 'Contribute to the teamwork');
INSERT INTO ug19s2_team123_prod.questions (id, description) VALUES (2, 'Keeping the team on track');
INSERT INTO ug19s2_team123_prod.questions (id, description) VALUES (3, 'Interactive with the team');
INSERT INTO ug19s2_team123_prod.questions (id, description) VALUES (4, 'Expecting Quality');
INSERT INTO ug19s2_team123_prod.questions (id, description) VALUES (5, 'Having Related Knowledge, Skills, and Abilities');
INSERT INTO ug19s2_team123_prod.questions (id, description) VALUES (6, 'Comments');
INSERT INTO ug19s2_team123_prod.responses (id, date_response, user_id, question_id, ratee_id, rate_text, rate_number, is_text_number) VALUES (85, '2019-09-21 14:41:33', 15, 1, 13, '', 1, 0);
INSERT INTO ug19s2_team123_prod.responses (id, date_response, user_id, question_id, ratee_id, rate_text, rate_number, is_text_number) VALUES (86, '2019-09-21 14:41:33', 15, 1, 15, '', 1, 0);
INSERT INTO ug19s2_team123_prod.responses (id, date_response, user_id, question_id, ratee_id, rate_text, rate_number, is_text_number) VALUES (87, '2019-09-21 14:41:33', 15, 2, 13, '', 1, 0);
INSERT INTO ug19s2_team123_prod.responses (id, date_response, user_id, question_id, ratee_id, rate_text, rate_number, is_text_number) VALUES (88, '2019-09-21 14:41:33', 15, 2, 15, '', 1, 0);
INSERT INTO ug19s2_team123_prod.responses (id, date_response, user_id, question_id, ratee_id, rate_text, rate_number, is_text_number) VALUES (89, '2019-09-21 14:41:33', 15, 3, 13, '', 1, 0);
INSERT INTO ug19s2_team123_prod.responses (id, date_response, user_id, question_id, ratee_id, rate_text, rate_number, is_text_number) VALUES (90, '2019-09-21 14:41:33', 15, 3, 15, '', 1, 0);
INSERT INTO ug19s2_team123_prod.responses (id, date_response, user_id, question_id, ratee_id, rate_text, rate_number, is_text_number) VALUES (91, '2019-09-21 14:41:33', 15, 4, 13, '', 1, 0);
INSERT INTO ug19s2_team123_prod.responses (id, date_response, user_id, question_id, ratee_id, rate_text, rate_number, is_text_number) VALUES (92, '2019-09-21 14:41:33', 15, 4, 15, '', 2, 0);
INSERT INTO ug19s2_team123_prod.responses (id, date_response, user_id, question_id, ratee_id, rate_text, rate_number, is_text_number) VALUES (93, '2019-09-21 14:41:33', 15, 5, 13, '', 2, 0);
INSERT INTO ug19s2_team123_prod.responses (id, date_response, user_id, question_id, ratee_id, rate_text, rate_number, is_text_number) VALUES (94, '2019-09-21 14:41:33', 15, 5, 15, '', 1, 0);
INSERT INTO ug19s2_team123_prod.responses (id, date_response, user_id, question_id, ratee_id, rate_text, rate_number, is_text_number) VALUES (95, '2019-09-21 14:41:33', 15, 6, 13, 'qwewqe', null, 1);
INSERT INTO ug19s2_team123_prod.responses (id, date_response, user_id, question_id, ratee_id, rate_text, rate_number, is_text_number) VALUES (96, '2019-09-21 14:41:33', 15, 6, 15, '123213asad', null, 1);
INSERT INTO ug19s2_team123_prod.responses (id, date_response, user_id, question_id, ratee_id, rate_text, rate_number, is_text_number) VALUES (97, '2019-09-22 14:18:56', 13, 1, 13, '', 4, 0);
INSERT INTO ug19s2_team123_prod.responses (id, date_response, user_id, question_id, ratee_id, rate_text, rate_number, is_text_number) VALUES (98, '2019-09-22 14:18:57', 13, 1, 15, '', 4, 0);
INSERT INTO ug19s2_team123_prod.responses (id, date_response, user_id, question_id, ratee_id, rate_text, rate_number, is_text_number) VALUES (99, '2019-09-22 14:18:57', 13, 2, 13, '', null, 0);
INSERT INTO ug19s2_team123_prod.responses (id, date_response, user_id, question_id, ratee_id, rate_text, rate_number, is_text_number) VALUES (100, '2019-09-22 14:18:57', 13, 2, 15, '', null, 0);
INSERT INTO ug19s2_team123_prod.responses (id, date_response, user_id, question_id, ratee_id, rate_text, rate_number, is_text_number) VALUES (101, '2019-09-22 14:18:57', 13, 3, 13, '', null, 0);
INSERT INTO ug19s2_team123_prod.responses (id, date_response, user_id, question_id, ratee_id, rate_text, rate_number, is_text_number) VALUES (102, '2019-09-22 14:18:57', 13, 3, 15, '', null, 0);
INSERT INTO ug19s2_team123_prod.responses (id, date_response, user_id, question_id, ratee_id, rate_text, rate_number, is_text_number) VALUES (103, '2019-09-22 14:18:57', 13, 4, 13, '', null, 0);
INSERT INTO ug19s2_team123_prod.responses (id, date_response, user_id, question_id, ratee_id, rate_text, rate_number, is_text_number) VALUES (104, '2019-09-22 14:18:58', 13, 4, 15, '', null, 0);
INSERT INTO ug19s2_team123_prod.responses (id, date_response, user_id, question_id, ratee_id, rate_text, rate_number, is_text_number) VALUES (105, '2019-09-22 14:18:58', 13, 5, 13, '', null, 0);
INSERT INTO ug19s2_team123_prod.responses (id, date_response, user_id, question_id, ratee_id, rate_text, rate_number, is_text_number) VALUES (106, '2019-09-22 14:18:58', 13, 5, 15, '', null, 0);
INSERT INTO ug19s2_team123_prod.responses (id, date_response, user_id, question_id, ratee_id, rate_text, rate_number, is_text_number) VALUES (107, '2019-09-22 14:18:58', 13, 6, 13, '', null, 1);
INSERT INTO ug19s2_team123_prod.responses (id, date_response, user_id, question_id, ratee_id, rate_text, rate_number, is_text_number) VALUES (108, '2019-09-22 14:18:58', 13, 6, 15, '', null, 1);
INSERT INTO ug19s2_team123_prod.teams (id_, name, unit_id) VALUES (1, 'Team123', 1);
INSERT INTO ug19s2_team123_prod.teams (id_, name, unit_id) VALUES (2, 'Team122', 1);
INSERT INTO ug19s2_team123_prod.teams (id_, name, unit_id) VALUES (3, 'Team520', 2);
INSERT INTO ug19s2_team123_prod.teams (id_, name, unit_id) VALUES (4, 'TeamAce', 3);
INSERT INTO ug19s2_team123_prod.teams (id_, name, unit_id) VALUES (5, 'Team Kobe', 5);
INSERT INTO ug19s2_team123_prod.teams (id_, name, unit_id) VALUES (6, 'Team James', 5);
INSERT INTO ug19s2_team123_prod.teams_users (user_id, team_id, number) VALUES (5, 1, 2);
INSERT INTO ug19s2_team123_prod.teams_users (user_id, team_id, number) VALUES (7, 1, 2);
INSERT INTO ug19s2_team123_prod.teams_users (user_id, team_id, number) VALUES (13, 1, 2);
INSERT INTO ug19s2_team123_prod.teams_users (user_id, team_id, number) VALUES (13, 3, 4);
INSERT INTO ug19s2_team123_prod.teams_users (user_id, team_id, number) VALUES (13, 4, 2);
INSERT INTO ug19s2_team123_prod.teams_users (user_id, team_id, number) VALUES (15, 3, 2);
INSERT INTO ug19s2_team123_prod.teams_users (user_id, team_id, number) VALUES (15, 4, 3);
INSERT INTO ug19s2_team123_prod.teams_users (user_id, team_id, number) VALUES (15, 6, 5);
INSERT INTO ug19s2_team123_prod.units (id, title, code, semester, year) VALUES (1, 'Industry Experience', 'FIT3047', '1', 2019);
INSERT INTO ug19s2_team123_prod.units (id, title, code, semester, year) VALUES (2, 'Industry Experience', 'FIT3047', '2', 2019);
INSERT INTO ug19s2_team123_prod.units (id, title, code, semester, year) VALUES (3, 'Ios application development', 'FIT3178', 'A', 2019);
INSERT INTO ug19s2_team123_prod.units (id, title, code, semester, year) VALUES (4, 'Ios application development', 'FIT3178', 'A', 2020);
INSERT INTO ug19s2_team123_prod.units (id, title, code, semester, year) VALUES (5, 'Maker Lab', 'FIT3146', '2', 2019);
INSERT INTO ug19s2_team123_prod.units_users (unit_id, user_id) VALUES (1, 5);
INSERT INTO ug19s2_team123_prod.units_users (unit_id, user_id) VALUES (3, 5);
INSERT INTO ug19s2_team123_prod.units_users (unit_id, user_id) VALUES (1, 7);
INSERT INTO ug19s2_team123_prod.units_users (unit_id, user_id) VALUES (3, 7);
INSERT INTO ug19s2_team123_prod.units_users (unit_id, user_id) VALUES (1, 13);
INSERT INTO ug19s2_team123_prod.units_users (unit_id, user_id) VALUES (3, 13);
INSERT INTO ug19s2_team123_prod.users (id, firstname, lastname, email, created, modified, role, password, verified, token) VALUES (5, '123', '123', '123@123.com', '2019-09-10 05:01:25', '2019-09-10 05:01:25', '1', '$2y$10$KJCW5aocI22rDD9ALeoXJOXvoa/Q5cACp37utqaQJO8pZuYvwX/iO', 1, null);
INSERT INTO ug19s2_team123_prod.users (id, firstname, lastname, email, created, modified, role, password, verified, token) VALUES (7, 'w', 'w', '888@888.com', '2019-09-10 10:57:23', '2019-09-10 10:57:23', null, '$2y$10$GL53wyLf0uaopEeZRD4ecerR7fstk7zJaAJV.eaF1FQHE16JzshXS', null, null);
INSERT INTO ug19s2_team123_prod.users (id, firstname, lastname, email, created, modified, role, password, verified, token) VALUES (9, 'serena', 'li', 'tlii0031@student.monash.edu', '2019-09-15 07:31:23', '2019-09-15 07:31:23', null, '$2y$10$6LlWqpmsprrnRlfwzAyN0eU6rSaMdl7w2F4/SG46dr.XfEDbOhtce', 1, 'e210926c30b67571a1d2202757956112ad768791');
INSERT INTO ug19s2_team123_prod.users (id, firstname, lastname, email, created, modified, role, password, verified, token) VALUES (13, 'Van Hai ', 'Le', 'vlee0010@student.monash.edu', '2019-09-15 13:52:27', '2019-09-15 13:52:27', null, '$2y$10$oAiWp18UEpdGQVlfMV2hneM2qemnsyQ2Lf0vCo5JGWCHF0I6s2eQG', 1, '086455ea40bfff73c2650ebc6c77e16268b8a029');
INSERT INTO ug19s2_team123_prod.users (id, firstname, lastname, email, created, modified, role, password, verified, token) VALUES (15, 'Jianheng', 'Huang', 'jhua216@student.monash.edu', '2019-09-16 00:29:38', '2019-09-16 00:29:38', null, '$2y$10$N8iEkLQAVqFrzYPs.FZsR.Cu0fWQZKmW7SV.j28FFQz1M12i8Cti2', 1, '553c16d410428cb6babf041751540417e4b2bd45');
INSERT INTO ug19s2_team123_prod.users (id, firstname, lastname, email, created, modified, role, password, verified, token) VALUES (16, 'richard', 'zanazanian', 'rzan0002@student.monash.edu', '2019-09-16 02:26:40', '2019-09-16 02:26:40', null, '$2y$10$fKlGso3bnGXz3/6EdCp0Ou699HjipFr/dQKfS14lH5ht1HrC/okGi', 1, '57ce72bf76dac5e01732d7ecbc7223a85072c94b');
INSERT INTO ug19s2_team123_prod.users (id, firstname, lastname, email, created, modified, role, password, verified, token) VALUES (17, 'Chaojie', 'Chen', 'cche0021@student.monash.edu', '2019-09-16 08:06:02', '2019-09-16 08:06:02', null, '$2y$10$o1aGrVYQ./R/Jb03Z7cagutSLmeO/PSnJjSuXErvUCd1xIBsHtLB2', 1, 'fcc58e8c1ace13d11d734a765fc87ea71da7aa43');
INSERT INTO ug19s2_team123_prod.users (id, firstname, lastname, email, created, modified, role, password, verified, token) VALUES (18, 'He', 'Li', 'hli268@student.monash.edu', '2019-09-18 05:06:56', '2019-09-18 05:06:56', null, '$2y$10$0/46oiYwk3vZsC5cs4EGVu3s17zPKpGpVoSwNSxzQaXw2y.7/8/au', 1, '7d0f0ad02326f105ea05f69ec4a3966249afc9d4');
INSERT INTO ug19s2_team123_prod.users (id, firstname, lastname, email, created, modified, role, password, verified, token) VALUES (19, 'jnsakjdas', 'awdqweqw', 'qejqj@student.monash.edu', '2019-09-21 14:06:04', '2019-09-21 14:06:04', null, '$2y$10$JiUHWdhNxRob2EZo4pkfr.s5RGkyqTGBVEZylJB3Lrn8/o5gkOfDe', null, '6eba7ef3c92dd7f744d9954753ddc4d08f71148b');
